Name,Age,Maths,Science,English,Total,Average
Aisha,20.0,1.5616717213937275,0.0,0.0,258.6666666666667,86.22222222222223
Riya,20.333333333333332,-0.36745216973969896,-1.414213562373095,-0.49875466805381785,248.0,82.66666666666667
Sara,21.0,0.0,1.414213562373095,1.5960149377722113,260.3333333333333,86.77777777777777
Neha,20.0,-1.1942195516540246,0.0,-1.0972602697183975,245.0,81.66666666666667
